ADDRESS,[Address, City, Zip, NumberOfBed, NumberOfBath, Type, YearBuilt, YearDeed, HasPool, AppraisedValue, OwnerName, OwnerAddress, ForeClosureURl]
1714 Willow Way Anna   TX 75409,1714 Willow Way Anna-|- TX 75409,,,0,2,Residential Single Family (A1),2003,8/20/08,TRUE,175625,Moore Amanda J & Foote Chris M,1714 Willow Way Anna-|- TX 75409-4472,https://apps.collincountytx.gov/ForeclosureNotices/Property/PropertyDetails/1147909
18127 Whispering Gables Ln Dallas   TX 75287,18127 Whispering Gables Ln Dallas-|- TX 75287,,,3,2,Residential Single Family (A1),1983,12/26/03,TRUE,215398,Craddock Jessie,4403 Creekmeadow Dr Dallas-|- TX 75287-6810,https://apps.collincountytx.gov/ForeclosureNotices/Property/PropertyDetails/1149269
928 Silver Sage Dr Wylie   TX 75098,928 Silver Sage Dr Wylie-|- TX 75098,,,5,2,Residential Single Family (A1),2005,8/28/15,TRUE,297174,Odia Solomon O & Joy Eneyikeyi Odia,928 Silver Sage Dr Wylie-|- TX 75098-8603,https://apps.collincountytx.gov/ForeclosureNotices/Property/PropertyDetails/1148657
801 Acacia Dr Anna   TX 75409,801 Acacia Dr Anna-|- TX 75409,,,3,2,Residential Single Family (A1),2007,9/15/14,TRUE,183792,Wagoner Joy & Robert S Jr,801 Acacia Dr Anna-|- TX 75409-4900,https://apps.collincountytx.gov/ForeclosureNotices/Property/PropertyDetails/1151148
914 S Ballard Ave Wylie   TX 75098,914 S Ballard Ave Wylie-|- TX 75098,,,3,2,Residential Single Family (A1),1987,8/28/07,TRUE,156042,Roberts Lisa A,914 S Ballard Ave Wylie-|- TX 75098-4174,https://apps.collincountytx.gov/ForeclosureNotices/Property/PropertyDetails/1149061
17610 Soman Nevada   TX 75173,17610 Soman Nevada-|- TX 75173,,,0,0,Farm And Ranch Mobile Homes (E2),1995,6/17/08,TRUE,167015,Raney Garland,17612 Soman Nevada-|- TX 75173-8310,https://apps.collincountytx.gov/ForeclosureNotices/Property/PropertyDetails/1148691
3912 Cross Bend Rd Plano   TX 75023,3912 Cross Bend Rd Plano-|- TX 75023,,,3,3,Residential Single Family (A1),1984,10/31/17,TRUE,353967,Jalil George & Paola,3912 Cross Bend Rd Plano-|- TX 75023-5922,https://apps.collincountytx.gov/ForeclosureNotices/Property/PropertyDetails/1146473
6805 Tudor Dr Plano   TX 75023,6805 Tudor Dr Plano-|- TX 75023,,,3,2,Residential Single Family (A1),1986,9/11/03,TRUE,248741,Key Sandra,6805 Tudor Dr Plano-|- TX 75023-1054,https://apps.collincountytx.gov/ForeclosureNotices/Property/PropertyDetails/1151147
917 Topaz Dr McKinney   TX 75071,917 Topaz Dr McKinney-|- TX 75071,,,3,2,Residential Single Family (A1),2002,6/21/02,TRUE,243706,Jones Reginald Jerome & Manuel Melanie,917 Topaz Dr McKinney-|- TX 75071-3146,https://apps.collincountytx.gov/ForeclosureNotices/Property/PropertyDetails/1149039
3005 Provine Rd McKinney   TX 75072,3005 Provine Rd McKinney-|- TX 75072,,,3,2,Residential Single Family (A1),2002,7/5/10,TRUE,314484,Brooks Patricia Ann,3005 Provine Rd McKinney-|- TX 75072-9214,https://apps.collincountytx.gov/ForeclosureNotices/Property/PropertyDetails/1151123
3300 Ashington Ln Plano   TX 75023,3300 Ashington Ln Plano-|- TX 75023,,,3,2,Residential Single Family (A1),1984,12/5/01,TRUE,304917,Heintz Jason & Amber,3300 Ashington Ln Plano-|- TX 75023-3927,https://apps.collincountytx.gov/ForeclosureNotices/Property/PropertyDetails/1147519
6314 Memorial Dr Frisco   TX 75034,6314 Memorial Dr Frisco-|- TX 75034,,,5,0,Residential Single Family (A1),2005,11/21/06,TRUE,1060000,Johnson Jeff & Joan,6314 Memorial Dr Frisco-|- TX 75034-7268,https://apps.collincountytx.gov/ForeclosureNotices/Property/PropertyDetails/1149263
1009 Meadow Green Ct Princeton   TX 75407,1009 Meadow Green Ct Princeton-|- TX 75407,,,3,4,Residential Single Family (A1),2012,4/10/13,TRUE,201760,Nelson Charles & Jolene Perales,1009 Meadow Green Ct Princeton-|- TX 75407-7900,https://apps.collincountytx.gov/ForeclosureNotices/Property/PropertyDetails/1149840
1123 Augustin Dr Princeton   TX 75407,1123 Augustin Dr Princeton-|- TX 75407,,,3,2,Residential Single Family (A1),2006,9/12/08,TRUE,177521,Smith Joyce A,1123 Augustin Dr Princeton-|- TX 75407-2810,https://apps.collincountytx.gov/ForeclosureNotices/Property/PropertyDetails/1151041
14518 Alstone Dr Frisco   TX 75035,14518 Alstone Dr Frisco-|- TX 75035,,,5,3,Residential Single Family (A1),2004,4/12/12,TRUE,460738,Still Jared L & Jill H,14518 Alstone Dr Frisco-|- TX 75035-7250,https://apps.collincountytx.gov/ForeclosureNotices/Property/PropertyDetails/1151133
6700 Wind Song Dr McKinney   TX 75071,6700 Wind Song Dr McKinney-|- TX 75071,,,4,3,Residential Single Family (A1),2005,10/5/05,TRUE,323073,Delaney William J & Michele,6700 Wind Song Dr McKinney-|- TX 75071-4688,https://apps.collincountytx.gov/ForeclosureNotices/Property/PropertyDetails/1151119
575 S Virginia Hills Dr 3404 McKinney   TX 75072,575 S Virginia Hills Dr 3404 McKinney-|- TX 75072,,,2,1,Residential Condominium (A3),2006,7/5/13,TRUE,195541,Lathon Robert N,3169 E Raines Rd Memphis-|- Tn 38118-6757,https://apps.collincountytx.gov/ForeclosureNotices/Property/PropertyDetails/1151145
826 Idlewood Dr Allen   TX 75002,826 Idlewood Dr Allen-|- TX 75002,,,4,3,Residential Single Family (A1),2001,1/20/06,TRUE,356149,Thompson James,826 Idlewood Dr Allen-|- TX 75002-1826,https://apps.collincountytx.gov/ForeclosureNotices/Property/PropertyDetails/1149258
1302 Winecup Ct Allen   TX 75002,1302 Winecup Ct Allen-|- TX 75002,,,4,3,Residential Single Family (A1),2004,9/14/12,TRUE,282960,Mccune Zondra K,1302 Winecup Ct Allen-|- TX 75002-0983,https://apps.collincountytx.gov/ForeclosureNotices/Property/PropertyDetails/1149102
1309 Meadowbrook Dr McKinney   TX 75069,1309 Meadowbrook Dr McKinney-|- TX 75069,,,4,2,Residential Single Family (A1),1995,2/17/12,TRUE,289684,Pina Victor A Velazquez & Mayela D Castro Zatarain,1309 Meadowbrook Dr McKinney-|- TX 75069-7929,https://apps.collincountytx.gov/ForeclosureNotices/Property/PropertyDetails/1148654
1334 Rusk Dr Allen   TX 75002,1334 Rusk Dr Allen-|- TX 75002,,,4,2,Residential Single Family (A1),2005,3/13/06,TRUE,331759,Kirwa Abraham Kipsang & Kirwa Frasiah Kabura,1334 Rusk Dr Allen-|- TX 75002-1729,https://apps.collincountytx.gov/ForeclosureNotices/Property/PropertyDetails/1149429
416 Parkhaven Dr McKinney   TX 75071,416 Parkhaven Dr McKinney-|- TX 75071,,,4,2,Residential Single Family (A1),2014,11/14/14,TRUE,346177,Ford Sharon D,1825 Manhattan Dr Lubbock-|- TX 79404-1317,https://apps.collincountytx.gov/ForeclosureNotices/Property/PropertyDetails/1148950
3921 Colwick Ct Plano   TX 75023,3921 Colwick Ct Plano-|- TX 75023,,,4,2,Residential Single Family (A1),1992,7/26/02,TRUE,376589,Casmore Sharron P,3921 Colwick Ct Plano-|- TX 75023-1065,https://apps.collincountytx.gov/ForeclosureNotices/Property/PropertyDetails/1149839
728 Sunkist Ln Plano   TX 75025,728 Sunkist Ln Plano-|- TX 75025,,,5,4,Residential Single Family (A1),1993,1/13/94,TRUE,407641,Wolfson Paul,728 Sunkist Ln Plano-|- TX 75025-3212,https://apps.collincountytx.gov/ForeclosureNotices/Property/PropertyDetails/1147446
1412 Belaire Dr McKinney   TX 75069,1412 Belaire Dr McKinney-|- TX 75069,,,4,2,Residential Single Family (A1),1997,4/16/98,TRUE,218451,Chetwood Andrew & Darlene,1412 Belaire Dr McKinney-|- TX 75069-7914,https://apps.collincountytx.gov/ForeclosureNotices/Property/PropertyDetails/1149062
205 Creekview Dr Wylie   TX 75098,205 Creekview Dr Wylie-|- TX 75098,,,4,2,Residential Single Family (A1),2003,12/3/15,TRUE,238042,Baah Lord K,205 Creekview Dr Wylie-|- TX 75098-7482,https://apps.collincountytx.gov/ForeclosureNotices/Property/PropertyDetails/1149427
699 S Powell Pkwy Anna   TX 75409,699 S Powell Pkwy Anna-|- TX 75409,,null,null,null,Commercial (F1),null,null,FALSE,386098,null,null,https://apps.collincountytx.gov/ForeclosureNotices/Property/PropertyDetails/1151106
804 Cascades Dr Allen   TX 75002,804 Cascades Dr Allen-|- TX 75002,,,0,0,Residential Single Family (A1),2004,9/15/13,TRUE,356808,Fornadel Todd David & Rhonda Gale,804 Cascades Dr Allen-|- TX 75002-1533,https://apps.collincountytx.gov/ForeclosureNotices/Property/PropertyDetails/1148735
447 Lipizzan Ln Celina   TX 75009,447 Lipizzan Ln Celina-|- TX 75009,,,4,2,Residential Single Family (A1),2015,9/30/15,TRUE,246795,Mpofu Hamish & Jacqueline,447 Lipizzan Ln Celina-|- TX 75009-4658,https://apps.collincountytx.gov/ForeclosureNotices/Property/PropertyDetails/1148656
8007 Gulf St Frisco   TX 75035,8007 Gulf St Frisco-|- TX 75035,,,0,2,Residential Single Family (A1),1997,1/14/14,TRUE,270057,Williams-Cook Stephanie L,8007 Gulf St Frisco-|- TX 75035-6369,https://apps.collincountytx.gov/ForeclosureNotices/Property/PropertyDetails/1149831
600 Tully Ct McKinney   TX 75071,600 Tully Ct McKinney-|- TX 75071,,,6,4,Residential Single Family (A1),2011,11/22/11,TRUE,450000,Doolabh Dharmesh & Pravina,600 Tully Ct McKinney-|- TX 75071-6350,https://apps.collincountytx.gov/ForeclosureNotices/Property/PropertyDetails/1150475
19119 Windmill Ln Dallas   TX 75252,19119 Windmill Ln Dallas-|- TX 75252,,,5,5,Residential Single Family (A1),1984,6/30/09,TRUE,618073,Doss Thomas & Jacqueline,19119 Windmill Ln Dallas-|- TX 75252-2423,https://apps.collincountytx.gov/ForeclosureNotices/Property/PropertyDetails/1150474
1011 Greenbriar Ln McKinney   TX 75069,1011 Greenbriar Ln McKinney-|- TX 75069,,,5,3,Residential Single Family (A1),1995,5/5/06,TRUE,340314,Eddington Latayni Bell,1011 Greenbriar Ln McKinney-|- TX 75069-7935,https://apps.collincountytx.gov/ForeclosureNotices/Property/PropertyDetails/1149838
3904 Ramble Creek Dr McKinney   TX 75071,3904 Ramble Creek Dr McKinney-|- TX 75071,,,4,3,Residential Single Family (A1),2016,1/6/17,TRUE,393631,Boyd Dennis W Jr & Karla M,3904 Ramble Creek Dr McKinney-|- TX 75071-6779,https://apps.collincountytx.gov/ForeclosureNotices/Property/PropertyDetails/1149829
10328 Flat Creek Trl McKinney   TX 75072,10328 Flat Creek Trl McKinney-|- TX 75072,,,5,3,Residential Single Family (A1),2008,7/24/08,TRUE,383560,Hart Carlos Dianthe,10328 Flat Creek Trl McKinney-|- TX 75072-8962,https://apps.collincountytx.gov/ForeclosureNotices/Property/PropertyDetails/1148947
11538 Newberry Dr Frisco   TX 75035,11538 Newberry Dr Frisco-|- TX 75035,,,3,2,Residential Single Family (A1),2000,10/30/08,TRUE,262126,Mojdehi Reza,11538 Newberry Dr Frisco-|- TX 75035-8619,https://apps.collincountytx.gov/ForeclosureNotices/Property/PropertyDetails/1149428
11268 Covey Ln Frisco   TX 75035,11268 Covey Ln Frisco-|- TX 75035,,,4,2,Residential Single Family (A1),1997,7/8/05,TRUE,322419,Rutledge Tommy & Debra,11268 Covey Ln Frisco-|- TX 75035-6390,https://apps.collincountytx.gov/ForeclosureNotices/Property/PropertyDetails/1151105
3801 Gregory Dr McKinney   TX 75071,3801 Gregory Dr McKinney-|- TX 75071,,,4,3,Residential Single Family (A1),2012,3/1/18,TRUE,375669,Hamid Kervon,3801 Gregory Dr McKinney-|- TX 75071-2443,https://apps.collincountytx.gov/ForeclosureNotices/Property/PropertyDetails/1151107
1601 Crescent Oak St Wylie   TX 75098,1601 Crescent Oak St Wylie-|- TX 75098,,,4,2,Residential Single Family (A1),2011,11/30/15,TRUE,260978,Miller Dakota Ryan & Heather Kaye Miller,1601 Crescent Oak St Wylie-|- TX 75098-6634,https://apps.collincountytx.gov/ForeclosureNotices/Property/PropertyDetails/1149265
700 Caddo Ct Prosper   TX 75078,700 Caddo Ct Prosper-|- TX 75078,,,6,3,Residential Single Family (A1),2010,8/4/11,TRUE,523205,Duran Gregory E & Stephanie K,700 Caddo Ct Prosper-|- TX 75078-8406,https://apps.collincountytx.gov/ForeclosureNotices/Property/PropertyDetails/1149830
7837 Shackelford Dr Frisco   TX 75035,7837 Shackelford Dr Frisco-|- TX 75035,,,5,5,Residential Single Family (A1),2015,6/30/15,TRUE,677906,Dansby Wesley R Iii & Priscilla Moreno,7837 Shackelford Dr Frisco-|- TX 75035-0590,https://apps.collincountytx.gov/ForeclosureNotices/Property/PropertyDetails/1151111
930 Fox Ridge Trl Prosper   TX 75078,930 Fox Ridge Trl Prosper-|- TX 75078,,,3,2,Residential Single Family (A1),2010,5/28/10,TRUE,399170,Owens Brandon M,930 Fox Ridge Trl Prosper-|- TX 75078-7939,https://apps.collincountytx.gov/ForeclosureNotices/Property/PropertyDetails/1148610
575 S Virginia Hills Dr 405 McKinney   TX 75072,575 S Virginia Hills Dr 405 McKinney-|- TX 75072,,,3,2,Residential Condominium (A3),2005,3/28/07,TRUE,214175,Oates Angela,575 S Virginia Hills Dr Unit 405 McKinney-|- TX 75072-2828,https://apps.collincountytx.gov/ForeclosureNotices/Property/PropertyDetails/1151149
9494 Stone Trail Cir Anna   TX 75409,9494 Stone Trail Cir Anna-|- TX 75409,,,0,0,Residential Mobile Home (A2),2001,11/6/13,TRUE,99411,Landrum Mark & Bonita Landrum,9494 Stone Trail Cir Anna-|- TX 75409-8247,https://apps.collincountytx.gov/ForeclosureNotices/Property/PropertyDetails/1150698
2605 Timberbrook Trl McKinney   TX 75071,2605 Timberbrook Trl McKinney-|- TX 75071,,,4,2,Residential Single Family (A1),2002,2/28/13,TRUE,277105,Dallatorre Richard J,2605 Timberbrook Trl McKinney-|- TX 75071-2729,https://apps.collincountytx.gov/ForeclosureNotices/Property/PropertyDetails/1148653
2119 Estes Park Dr Allen   TX 75013,2119 Estes Park Dr Allen-|- TX 75013,,,5,3,Residential Single Family (A1),2001,6/24/04,TRUE,449753,Lim Ji Yong & Christy Hwang,2119 Estes Park Dr Allen-|- TX 75013-4834,https://apps.collincountytx.gov/ForeclosureNotices/Property/PropertyDetails/1151146
2606 Independence Dr Melissa   TX 75454,2606 Independence Dr Melissa-|- TX 75454,,,4,2,Residential Single Family (A1),2007,8/8/08,TRUE,282848,Ball Jeffrey Scott & Kimberly,2606 Independence Dr Melissa-|- TX 75454-2477,https://apps.collincountytx.gov/ForeclosureNotices/Property/PropertyDetails/1148948
8604 Robert St Frisco   TX 75035,8604 Robert St Frisco-|- TX 75035,,,3,2,Residential Single Family (A1),2000,5/7/01,TRUE,282854,Treadway Sherri,8604 Robert St Frisco-|- TX 75035-5828,https://apps.collincountytx.gov/ForeclosureNotices/Property/PropertyDetails/1149964
4001 Garrison Pl Plano   TX 75023,4001 Garrison Pl Plano-|- TX 75023,,,4,2,Residential Single Family (A1),1980,3/1/84,TRUE,295051,Difrancesco Alfred & Michele J,4001 Garrison Pl Plano-|- TX 75023-6418,https://apps.collincountytx.gov/ForeclosureNotices/Property/PropertyDetails/1150436
9708 Saint Annes Dr Plano   TX 75025,9708 Saint Annes Dr Plano-|- TX 75025,,,5,4,Residential Single Family (A1),1998,3/20/06,TRUE,456122,Richardson Kenneth & Norma Jean,9708 Saint Annes Dr Plano-|- TX 75025-5044,https://apps.collincountytx.gov/ForeclosureNotices/Property/PropertyDetails/1148933
6509 Cypress Point Dr Plano   TX 75093,6509 Cypress Point Dr Plano-|- TX 75093,,,5,3,Residential Single Family (A1),1994,5/22/13,TRUE,646829,Soto Daniel & Yurika,6509 Cypress Point Dr Plano-|- TX 75093-8812,https://apps.collincountytx.gov/ForeclosureNotices/Property/PropertyDetails/1150430
214 Country Place Ln Wylie   TX 75098,214 Country Place Ln Wylie-|- TX 75098,,,3,2,Residential Single Family (A1),1983,5/2/05,TRUE,165376,Croley Jess W & Carmen V,418 S 1St St Wylie-|- TX 75098-3675,https://apps.collincountytx.gov/ForeclosureNotices/Property/PropertyDetails/1147913
2717 Ridgeway Dr Plano   TX 75074,2717 Ridgeway Dr Plano-|- TX 75074,,,0,2,Residential Single Family (A1),1962,9/19/06,TRUE,175328,Petersen Jennifer A,2717 Ridgeway Dr Plano-|- TX 75074-6625,https://apps.collincountytx.gov/ForeclosureNotices/Property/PropertyDetails/1149064
1309 Leeward Ln Wylie   TX 75098,1309 Leeward Ln Wylie-|- TX 75098,,,3,2,Residential Single Family (A1),1999,7/2/99,TRUE,234324,Udoh Augustine & Imaobong,1309 Leeward Ln Wylie-|- TX 75098-7945,https://apps.collincountytx.gov/ForeclosureNotices/Property/PropertyDetails/1147908
2920 Montague Trl Wylie   TX 75098,2920 Montague Trl Wylie-|- TX 75098,,,3,2,Residential Single Family (A1),2003,5/21/08,TRUE,209708,Thorpe Glenda Reitzell,2920 Montague Trl Wylie-|- TX 75098-7513,https://apps.collincountytx.gov/ForeclosureNotices/Property/PropertyDetails/1151115
4932 Auburn Dr McKinney   TX 75070,4932 Auburn Dr McKinney-|- TX 75070,,,3,2,Residential Single Family (A1),2000,4/29/10,TRUE,246025,Nguyen Trieu Van & Phuong Kim,4932 Auburn Dr McKinney-|- TX 75070-7775,https://apps.collincountytx.gov/ForeclosureNotices/Property/PropertyDetails/1150479
511 E Gaston Dr Wylie   TX 75098,511 E Gaston Dr Wylie-|- TX 75098,,,4,2,Residential Single Family (A1),1986,9/7/99,TRUE,211233,Bounds Robert B & Michelle R,511 N Gaston Dr Wylie-|- TX 75098-4534,https://apps.collincountytx.gov/ForeclosureNotices/Property/PropertyDetails/1147911
8601 Spectrum Dr McKinney   TX 75072,8601 Spectrum Dr McKinney-|- TX 75072,,,4,2,Residential Single Family (A1),1998,5/11/00,TRUE,375685,Perez Oscar H,9255 Cypress Waters Blvd Apt 110 Coppell-|- TX 75019-5090,https://apps.collincountytx.gov/ForeclosureNotices/Property/PropertyDetails/1149968
15704 Grove Crest Dr Frisco   TX 75035,15704 Grove Crest Dr Frisco-|- TX 75035,,,3,2,Residential Single Family (A1),2001,11/29/06,TRUE,327722,Baggett Intha K & Wesley C,15704 Grove Crest Dr Frisco-|- TX 75035-6822,https://apps.collincountytx.gov/ForeclosureNotices/Property/PropertyDetails/1147914
219 Magnolia Dr Princeton   TX 75407,219 Magnolia Dr Princeton-|- TX 75407,,,3,2,Residential Single Family (A1),2016,6/20/16,TRUE,199953,Collins Jeffrey S,219 Magnolia Dr Princeton-|- TX 75407-0456,https://apps.collincountytx.gov/ForeclosureNotices/Property/PropertyDetails/1147918
6464 Shady Hill Cir Princeton   TX 75407,6464 Shady Hill Cir Princeton-|- TX 75407,,,0,0,Residential Mobile Home (A2),2004,11/23/09,TRUE,98682,Hobbs Wesley L,6464 Shady Hill Cir Princeton-|- TX 75407-4493,https://apps.collincountytx.gov/ForeclosureNotices/Property/PropertyDetails/1148952
2524 Preston Rd 1302 Plano   TX 75093,2524 Preston Rd 1302 Plano-|- TX 75093,,,0,0,Residential Condominium (A3),1995,6/21/02,TRUE,153051,Brudnyy Oleg,2524 Preston Rd Apt 1302 Plano-|- TX 75093-3574,https://apps.collincountytx.gov/ForeclosureNotices/Property/PropertyDetails/1147150
103 Trailwood Dr Allen   TX 75002,103 Trailwood Dr Allen-|- TX 75002,,,4,2,Residential Single Family (A1),2001,6/18/05,TRUE,288425,Datcher Jetavian & Browning Tammy,103 Trailwood Dr Allen-|- TX 75002-4937,https://apps.collincountytx.gov/ForeclosureNotices/Property/PropertyDetails/1147449
14696 Foxbriar Ln Frisco   TX 75035,14696 Foxbriar Ln Frisco-|- TX 75035,,,5,5,Residential Single Family (A1),2009,7/9/10,TRUE,585502,Henry Jeffrey Sean & Trevalyn Ann,14696 Foxbriar Ln Frisco-|- TX 75035-1204,https://apps.collincountytx.gov/ForeclosureNotices/Property/PropertyDetails/1149264
1525 Winding Trail Dr Allen   TX 75002,1525 Winding Trail Dr Allen-|- TX 75002,,,4,2,Residential Single Family (A1),2002,4/29/16,TRUE,361157,Murphy Chad Robert,1525 Winding Trail Dr Allen-|- TX 75002-5367,https://apps.collincountytx.gov/ForeclosureNotices/Property/PropertyDetails/1147515
4541 Hitching Post Ln Plano   TX 75024,4541 Hitching Post Ln Plano-|- TX 75024,,,5,4,Residential Single Family (A1),1987,9/1/00,TRUE,514890,Gregg Brian C & Sharon N,4541 Hitching Post Ln Plano-|- TX 75024-2142,https://apps.collincountytx.gov/ForeclosureNotices/Property/PropertyDetails/1149836
5713 S Woodcreek Cir McKinney   TX 75071,5713 S Woodcreek Cir McKinney-|- TX 75071,,,5,4,Residential Single Family (A1),2002,12/17/14,TRUE,1024632,Steinmark James E Jr & Sheila K,5713 S Woodcreek Cir McKinney-|- TX 75071-5560,https://apps.collincountytx.gov/ForeclosureNotices/Property/PropertyDetails/1150480
10504 Huntington Rd Frisco   TX 75035,10504 Huntington Rd Frisco-|- TX 75035,,,3,2,Residential Single Family (A1),1994,10/22/13,TRUE,253021,Coleman Stacy M,10504 Huntington Rd Frisco-|- TX 75035-3939,https://apps.collincountytx.gov/ForeclosureNotices/Property/PropertyDetails/1149822
1120 Brook Ridge Ave Allen   TX 75002,1120 Brook Ridge Ave Allen-|- TX 75002,,,4,2,Residential Single Family (A1),1998,6/10/10,TRUE,311928,Richardson Eddie R & Cara L,1332 Pojaque Ct Ne Rio Rancho-|- Nm 87144-5350,https://apps.collincountytx.gov/ForeclosureNotices/Property/PropertyDetails/1147920
1311 Tamarack Dr Princeton   TX 75407,1311 Tamarack Dr Princeton-|- TX 75407,,,4,2,Residential Single Family (A1),2016,9/23/16,TRUE,237391,Gray Bridget Renae,1311 Tamarack Dr Princeton-|- TX 75407-0315,https://apps.collincountytx.gov/ForeclosureNotices/Property/PropertyDetails/1149967
215 Tanglewood Dr Wylie   TX 75098,215 Tanglewood Dr Wylie-|- TX 75098,,,4,2,Residential Single Family (A1),1998,8/23/13,TRUE,284879,Shaw Queena,215 Tanglewood Dr Wylie-|- TX 75098-3806,https://apps.collincountytx.gov/ForeclosureNotices/Property/PropertyDetails/1147912
3000 Chancellor Dr Plano   TX 75074,3000 Chancellor Dr Plano-|- TX 75074,,,0,2,Residential Single Family (A1),1979,8/22/05,TRUE,210172,Gunn Mary E,7206 Claymont Dr Dallas-|- TX 75227-9301,https://apps.collincountytx.gov/ForeclosureNotices/Property/PropertyDetails/1147898
4116 Dominion Ridge Dr McKinney   TX,4116 Dominion Ridge Dr McKinney-|- TX,,,3,2,Residential Single Family (A1),2016,3/31/17,TRUE,285396,Parks Larry Reginald & Sherri Jean,4116 Dominion Ridge Dr McKinney-|- TX 75071-5187,https://apps.collincountytx.gov/ForeclosureNotices/Property/PropertyDetails/1146192
181 Tanglewood Draw Princeton   TX 75407,181 Tanglewood Draw Princeton-|- TX 75407,,,5,2,Residential Single Family (A1),2006,9/12/16,TRUE,222840,Mathuku Patrick,181 Tanglewood Draw Princeton-|- TX 75407-2686,https://apps.collincountytx.gov/ForeclosureNotices/Property/PropertyDetails/1148655
1106 Meandering Dr Wylie   TX 75098,1106 Meandering Dr Wylie-|- TX 75098,,,3,2,Residential Single Family (A1),2003,10/20/03,TRUE,254216,Shiller Merrill H & Christopher P Connor,1106 Meandering Dr Wylie-|- TX 75098-7324,https://apps.collincountytx.gov/ForeclosureNotices/Property/PropertyDetails/1151131
905 Stags Leap Dr McKinney   TX 75071,905 Stags Leap Dr McKinney-|- TX 75071,,,3,2,Residential Single Family (A1),2006,7/17/06,TRUE,205669,Velasquez Carlos A & Burgos Mirian,905 Stags Leap Dr McKinney-|- TX 75071-3198,https://apps.collincountytx.gov/ForeclosureNotices/Property/PropertyDetails/1149063
203 Edison Ln Wylie   TX 75098,203 Edison Ln Wylie-|- TX 75098,,,4,2,Residential Single Family (A1),2005,2/28/06,TRUE,313998,Hayes Cassandra,203 Edison Ln Wylie-|- TX 75098-8480,https://apps.collincountytx.gov/ForeclosureNotices/Property/PropertyDetails/1149103
2205 Susan Cir Plano   TX 75074,2205 Susan Cir Plano-|- TX 75074,,,4,3,Residential Single Family (A1),1992,10/12/78,TRUE,326425,Wade Charles R - Estate Of,2205 Susan Cir Plano-|- TX 75074-3583,https://apps.collincountytx.gov/ForeclosureNotices/Property/PropertyDetails/1149260
604 Jouette St Farmersville   TX 75442,604 Jouette St Farmersville-|- TX 75442,,,0,0,Residential Single Family (A1),2014,2/25/15,TRUE,193198,Dacus Christopher William & Amber N,604 Jouette St Farmersville-|- TX 75442-1043,https://apps.collincountytx.gov/ForeclosureNotices/Property/PropertyDetails/1147900
1509 Pagewynne Dr Plano   TX 75093,1509 Pagewynne Dr Plano-|- TX 75093,,,4,3,Residential Single Family (A1),1993,7/23/15,TRUE,389296,Tovi Alan,1413 Commerce Dr Plano-|- TX 75093-2639,https://apps.collincountytx.gov/ForeclosureNotices/Property/PropertyDetails/1150434
9688 Wyndbrook Dr Frisco   TX 75035,9688 Wyndbrook Dr Frisco-|- TX 75035,,,4,2,Residential Single Family (A1),2005,12/13/13,TRUE,327576,Mattison Brian O & Irene E Mattison,9688 Wyndbrook Dr Frisco-|- TX 75035-3018,https://apps.collincountytx.gov/ForeclosureNotices/Property/PropertyDetails/1149827
503 Castleford Dr Allen   TX 75013,503 Castleford Dr Allen-|- TX 75013,,,4,2,Residential Single Family (A1),1999,2/28/00,TRUE,306913,Taj Sarfraz & Zubeda,503 Castleford Dr Allen-|- TX 75013-3049,https://apps.collincountytx.gov/ForeclosureNotices/Property/PropertyDetails/1151142
4040 Chimney Rock Dr Prosper   TX 75078,4040 Chimney Rock Dr Prosper-|- TX 75078,,,4,3,Residential Single Family (A1),2008,11/9/15,TRUE,636914,Johnson Bruce & Cristiane Santana,4040 Chimney Rock Dr Prosper-|- TX 75078-9052,https://apps.collincountytx.gov/ForeclosureNotices/Property/PropertyDetails/1148951
7009 Tilbury Ct McKinney   TX 75071,7009 Tilbury Ct McKinney-|- TX 75071,,,5,4,Residential Single Family (A1),2004,9/12/06,TRUE,597037,Fritz Darrell A & Lora D,7009 Tilbury Ct McKinney-|- TX 75071-6532,https://apps.collincountytx.gov/ForeclosureNotices/Property/PropertyDetails/1149537
909 Clinton Dr Plano   TX 75075,909 Clinton Dr Plano-|- TX 75075,,,0,2,Residential Single Family (A1),1977,7/29/99,TRUE,267560,Daniher Jerome & Bettye,909 Clinton Dr Plano-|- TX 75075-2613,https://apps.collincountytx.gov/ForeclosureNotices/Property/PropertyDetails/1151110
9956 Thomas Jefferson Dr McKinney   TX 75072,9956 Thomas Jefferson Dr McKinney-|- TX 75072,,,3,2,Residential Single Family (A1),2005,6/30/05,TRUE,237185,Timimi Abdulkarim A & Timimi Salama A,9956 Thomas Jefferson Dr McKinney-|- TX 75072-5728,https://apps.collincountytx.gov/ForeclosureNotices/Property/PropertyDetails/1147516
513 Barranca Trl Lucas   TX 75098,513 Barranca Trl Lucas-|- TX 75098,,,4,4,Residential Single Family (A1),2006,3/26/07,TRUE,738085,Webb Carolyn Riley & David Leon,513 Barranca Trl Wylie-|- TX 75098-8323,https://apps.collincountytx.gov/ForeclosureNotices/Property/PropertyDetails/1151109
7964 Quest Ct Frisco   TX 75035,7964 Quest Ct Frisco-|- TX 75035,,,4,2,Residential Single Family (A1),1992,11/20/03,TRUE,220281,Hunt Stephen,7964 Quest Ct Frisco-|- TX 75035-6734,https://apps.collincountytx.gov/ForeclosureNotices/Property/PropertyDetails/1149066
1207 Rockwall St McKinney   TX 75069,1207 Rockwall St McKinney-|- TX 75069,,,3,2,Residential Single Family (A1),2001,2/4/03,TRUE,167673,Rodriguez Lorenzo S,1207 Rockwall St McKinney-|- TX 75069-6776,https://apps.collincountytx.gov/ForeclosureNotices/Property/PropertyDetails/1150476
603 Pickwick Ln Wylie   TX 75098,603 Pickwick Ln Wylie-|- TX 75098,,,5,3,Residential Single Family (A1),2003,8/27/03,TRUE,287688,Din Shahbaz Fazal & Din Gloria Fazal,603 Pickwick Ln Wylie-|- TX 75098-6911,https://apps.collincountytx.gov/ForeclosureNotices/Property/PropertyDetails/1147517
15127 Springwood Dr Frisco   TX 75035,15127 Springwood Dr Frisco-|- TX 75035,,,0,0,Residential Single Family (A1),2003,12/6/07,TRUE,552305,Buchanan Dewevai D & Andrenae,15127 Springwood Dr Frisco-|- TX 75035-6877,https://apps.collincountytx.gov/ForeclosureNotices/Property/PropertyDetails/1151132
1700 Debbie Dr Plano   TX 75074,1700 Debbie Dr Plano-|- TX 75074,,,0,2,Residential Single Family (A1),1965,6/29/06,TRUE,160964,Brown Ronda,1700 Debbie Dr Plano-|- TX 75074-4504,https://apps.collincountytx.gov/ForeclosureNotices/Property/PropertyDetails/1148932
7310 Highland Glen Trl Dallas   TX 75248,7310 Highland Glen Trl Dallas-|- TX 75248,,,3,2,Residential Single Family (A1),1981,5/26/88,TRUE,299257,Cockrell Darrell E,7310 Highland Glen Trl Dallas-|- TX 75248-7510,https://apps.collincountytx.gov/ForeclosureNotices/Property/PropertyDetails/1147916
4109 Wind Dance Cir Plano   TX 75024,4109 Wind Dance Cir Plano-|- TX 75024,,,5,4,Residential Single Family (A1),2005,11/9/05,TRUE,457514,Mennsfield Oretha M,4109 Wind Dance Cir Plano-|- TX 75024-7089,https://apps.collincountytx.gov/ForeclosureNotices/Property/PropertyDetails/1151118